{"cameraMode":{"drawMode":0,"name":"Shaded","section":"Shading Mode"},"sceneLighting":true,"audioPlay":false,"sceneViewState":{"m_AlwaysRefresh":false,"showFog":true,"showSkybox":true,"showFlares":true,"showImageEffects":true,"showParticleSystems":true,"showVisualEffectGraphs":true,"m_FxEnabled":true},"in2DMode":false,"pivot":{"x":-0.3996853530406952,"y":5.065432548522949,"z":-2.2852840423583986},"rotation":{"x":-0.38578134775161745,"y":-0.17116771638393403,"z":0.07307354360818863,"w":-0.9036275148391724},"size":0.012463337741792202,"orthographic":false}